,precision,recall,f1-score,support
Livres / Romans / Brochés,0.34397163120567376,0.46709470304975925,0.3961878829135466,623.0
Jeux Vidéo (Jeux),0.6575342465753424,0.5737051792828686,0.6127659574468085,502.0
Accessoires Gaming & Mane,0.7602523659305994,0.7172619047619048,0.7381316998468607,336.0
Consoles de Jeux Vidéo,0.9166666666666666,0.7951807228915663,0.8516129032258064,166.0
Figurines & Produits déri,0.6835664335664335,0.7322097378277154,0.7070524412296564,534.0
Cartes à collectionner,0.8587360594795539,0.8761061946902655,0.867334167709637,791.0
Figurines Wargame & Jeux ,0.6145833333333334,0.38562091503267976,0.4738955823293173,153.0
"Jouets, Peluches & Poupée",0.7075773745997865,0.6806981519507187,0.6938775510204082,974.0
Jeux de Société & Puzzles,0.5900621118012422,0.45893719806763283,0.5163043478260869,414.0
"Modélisme, Drones & Véhic",0.9052734375,0.9187314172447968,0.911952779144122,1009.0
Jeux de plein air & Enfan,0.91875,0.9130434782608695,0.9158878504672897,161.0
"Jeux d'imitation, Dînette",0.7995735607675906,0.7530120481927711,0.7755946225439504,498.0
Puériculture & Équipement,0.7365079365079366,0.7160493827160493,0.7261345852895149,648.0
Mobilier & Ameublement In,0.8225490196078431,0.8266009852216749,0.8245700245700246,1015.0
Linge de Maison & Literie,0.8909299655568312,0.9012775842044135,0.8960739030023095,861.0
"Épicerie, Alimentation & ",0.7987421383647799,0.7888198757763976,0.79375,161.0
"Décoration, Éclairage & J",0.7942057942057942,0.7957957957957958,0.795,999.0
Animalerie & Accessoires ,0.8231292517006803,0.7333333333333333,0.7756410256410257,165.0
"Presse, Journaux & Magazi",0.6962025316455697,0.7510504201680672,0.7225871652349671,952.0
"Livres Enfants, BD & Mang",0.6818181818181818,0.675392670157068,0.67859021567596,955.0
Consoles & Packs Consoles,0.7172413793103448,0.7323943661971831,0.7247386759581882,284.0
Papeterie & Fournitures B,0.8808808808808809,0.8817635270541082,0.8813219829744617,998.0
Jardinage & Mobilier Exté,0.7206477732793523,0.6872586872586872,0.7035573122529645,518.0
"Piscine, Spa & Entretien",0.9593810444874274,0.9715964740450539,0.9654501216545012,2042.0
"Bricolage, Outillage & Él",0.7887323943661971,0.7855711422845691,0.7871485943775101,499.0
"Films, DVD & Blu-Ray",0.6797752808988764,0.657608695652174,0.6685082872928176,552.0
Jeux Vidéo Dématérialisés,1.0,0.9712643678160919,0.9854227405247813,174.0
accuracy,0.7790273198304286,0.7790273198304286,0.7790273198304286,0.7790273198304286
macro avg,0.7684181775576637,0.7461992207012673,0.7551515711167599,16984.0
weighted avg,0.7826342256379761,0.7790273198304286,0.7797263233822944,16984.0
